{
  "total": 120,
  "nlp_valid": 115,
  "nlp_invalid": 5,
  "nlp_valid_rate": 0.9583333333333334,
  "path_valid_on_nlp_valid": 104,
  "path_invalid_on_nlp_valid": 11,
  "path_success_rate_on_nlp_valid": 0.9043478260869565,
  "end_to_end_success": 104,
  "end_to_end_success_rate": 0.8666666666666667
}