{
  "total": 120,
  "flagged": 64,
  "flagged_ratio": 0.5333333333333333,
  "actionable": 22,
  "actionable_ratio": 0.18333333333333332,
  "flag_counts": {
    "contains_intermediate": 17,
    "ml_prefill_diff": 53,
    "ml_rule_based_diff": 53,
    "prefill_invalid": 5
  },
  "priority_counts": {
    "high": 5,
    "low": 42,
    "medium": 17,
    "none": 56
  },
  "flagged_ids": [
    "1",
    "6",
    "9",
    "11",
    "13",
    "14",
    "16",
    "17",
    "18",
    "19",
    "20",
    "21",
    "22",
    "23",
    "24",
    "25",
    "26",
    "27",
    "28",
    "29",
    "30",
    "31",
    "32",
    "33",
    "34",
    "37",
    "38",
    "40",
    "47",
    "48",
    "50",
    "52",
    "55",
    "64",
    "66",
    "70",
    "72",
    "73",
    "76",
    "80",
    "81",
    "82",
    "84",
    "85",
    "86",
    "87",
    "89",
    "91",
    "95",
    "96",
    "97",
    "98",
    "99",
    "103",
    "104",
    "105",
    "106",
    "107",
    "109",
    "116",
    "117",
    "118",
    "119",
    "120"
  ],
  "actionable_ids": [
    "18",
    "19",
    "20",
    "21",
    "22",
    "23",
    "24",
    "25",
    "26",
    "27",
    "28",
    "29",
    "30",
    "31",
    "32",
    "33",
    "34",
    "76",
    "103",
    "118",
    "119",
    "120"
  ]
}