{
  "train": {
    "total": 8000,
    "correct": 7862,
    "accuracy": 0.98275,
    "invalid_expected": 1237,
    "invalid_correct": 1237,
    "invalid_accuracy": 1.0,
    "valid_expected": 6763,
    "valid_predicted": 6665,
    "valid_correct": 6625,
    "valid_precision": 0.9939984996249063,
    "valid_recall": 0.9795948543545764,
    "valid_f1": 0.9867441167709264,
    "origin_accuracy": 0.9831435753363892,
    "destination_accuracy": 0.9803341712257874
  },
  "dev": {
    "total": 1000,
    "correct": 992,
    "accuracy": 0.992,
    "invalid_expected": 133,
    "invalid_correct": 133,
    "invalid_accuracy": 1.0,
    "valid_expected": 867,
    "valid_predicted": 861,
    "valid_correct": 859,
    "valid_precision": 0.9976771196283392,
    "valid_recall": 0.9907727797001153,
    "valid_f1": 0.994212962962963,
    "origin_accuracy": 0.9930795847750865,
    "destination_accuracy": 0.9907727797001153
  },
  "test": {
    "total": 1000,
    "correct": 993,
    "accuracy": 0.993,
    "invalid_expected": 145,
    "invalid_correct": 145,
    "invalid_accuracy": 1.0,
    "valid_expected": 855,
    "valid_predicted": 850,
    "valid_correct": 848,
    "valid_precision": 0.9976470588235294,
    "valid_recall": 0.991812865497076,
    "valid_f1": 0.9947214076246335,
    "origin_accuracy": 0.9941520467836257,
    "destination_accuracy": 0.991812865497076
  }
}