{
  "train": {
    "total": 8000,
    "correct": 7861,
    "accuracy": 0.982625,
    "invalid_expected": 1237,
    "invalid_correct": 1237,
    "invalid_accuracy": 1.0,
    "valid_expected": 6763,
    "valid_predicted": 6665,
    "valid_correct": 6624,
    "valid_precision": 0.9938484621155289,
    "valid_recall": 0.9794469909803342,
    "valid_f1": 0.9865951742627346,
    "origin_accuracy": 0.982995711962147,
    "destination_accuracy": 0.9803341712257874
  },
  "dev": {
    "total": 1000,
    "correct": 991,
    "accuracy": 0.991,
    "invalid_expected": 133,
    "invalid_correct": 133,
    "invalid_accuracy": 1.0,
    "valid_expected": 867,
    "valid_predicted": 861,
    "valid_correct": 858,
    "valid_precision": 0.9965156794425087,
    "valid_recall": 0.9896193771626297,
    "valid_f1": 0.9930555555555556,
    "origin_accuracy": 0.9919261822376009,
    "destination_accuracy": 0.9907727797001153
  },
  "test": {
    "total": 1000,
    "correct": 993,
    "accuracy": 0.993,
    "invalid_expected": 145,
    "invalid_correct": 145,
    "invalid_accuracy": 1.0,
    "valid_expected": 855,
    "valid_predicted": 850,
    "valid_correct": 848,
    "valid_precision": 0.9976470588235294,
    "valid_recall": 0.991812865497076,
    "valid_f1": 0.9947214076246335,
    "origin_accuracy": 0.9941520467836257,
    "destination_accuracy": 0.991812865497076
  }
}