{
  "train": {
    "total": 8000,
    "correct": 7770,
    "accuracy": 0.97125,
    "invalid_expected": 1237,
    "invalid_correct": 1237,
    "invalid_accuracy": 1.0,
    "valid_expected": 6763,
    "valid_predicted": 6583,
    "valid_correct": 6533,
    "valid_precision": 0.9924046787179097,
    "valid_recall": 0.9659914239242939,
    "valid_f1": 0.9790199310654877,
    "origin_accuracy": 0.9708709152742866,
    "destination_accuracy": 0.9668786041697471
  },
  "dev": {
    "total": 1000,
    "correct": 979,
    "accuracy": 0.979,
    "invalid_expected": 133,
    "invalid_correct": 133,
    "invalid_accuracy": 1.0,
    "valid_expected": 867,
    "valid_predicted": 852,
    "valid_correct": 846,
    "valid_precision": 0.9929577464788732,
    "valid_recall": 0.9757785467128027,
    "valid_f1": 0.9842931937172774,
    "origin_accuracy": 0.9803921568627451,
    "destination_accuracy": 0.9780853517877739
  },
  "test": {
    "total": 1000,
    "correct": 978,
    "accuracy": 0.978,
    "invalid_expected": 145,
    "invalid_correct": 145,
    "invalid_accuracy": 1.0,
    "valid_expected": 855,
    "valid_predicted": 835,
    "valid_correct": 833,
    "valid_precision": 0.9976047904191617,
    "valid_recall": 0.9742690058479532,
    "valid_f1": 0.9857988165680474,
    "origin_accuracy": 0.9766081871345029,
    "destination_accuracy": 0.9742690058479532
  }
}