{
  "rule_based_benchmarks": {
    "train": {
      "total": 8000,
      "correct": 7861,
      "accuracy": 0.982625,
      "invalid_expected": 1237,
      "invalid_correct": 1237,
      "invalid_accuracy": 1.0,
      "valid_expected": 6763,
      "valid_predicted": 6665,
      "valid_correct": 6624,
      "valid_precision": 0.9938484621155289,
      "valid_recall": 0.9794469909803342,
      "valid_f1": 0.9865951742627346,
      "origin_accuracy": 0.982995711962147,
      "destination_accuracy": 0.9803341712257874
    },
    "dev": {
      "total": 1000,
      "correct": 991,
      "accuracy": 0.991,
      "invalid_expected": 133,
      "invalid_correct": 133,
      "invalid_accuracy": 1.0,
      "valid_expected": 867,
      "valid_predicted": 861,
      "valid_correct": 858,
      "valid_precision": 0.9965156794425087,
      "valid_recall": 0.9896193771626297,
      "valid_f1": 0.9930555555555556,
      "origin_accuracy": 0.9919261822376009,
      "destination_accuracy": 0.9907727797001153
    },
    "test": {
      "total": 1000,
      "correct": 993,
      "accuracy": 0.993,
      "invalid_expected": 145,
      "invalid_correct": 145,
      "invalid_accuracy": 1.0,
      "valid_expected": 855,
      "valid_predicted": 850,
      "valid_correct": 848,
      "valid_precision": 0.9976470588235294,
      "valid_recall": 0.991812865497076,
      "valid_f1": 0.9947214076246335,
      "origin_accuracy": 0.9941520467836257,
      "destination_accuracy": 0.991812865497076
    }
  },
  "ml_benchmarks": {
    "train": {
      "total": 8000,
      "correct": 5620,
      "accuracy": 0.7025,
      "invalid_expected": 1237,
      "invalid_correct": 1175,
      "invalid_accuracy": 0.9498787388843978,
      "valid_expected": 6763,
      "valid_predicted": 6788,
      "valid_correct": 4445,
      "valid_precision": 0.6548320565704184,
      "valid_recall": 0.65725269850658,
      "valid_f1": 0.6560401446387721,
      "origin_accuracy": 0.7539553452609788,
      "destination_accuracy": 0.7468579032973532
    },
    "dev": {
      "total": 1000,
      "correct": 404,
      "accuracy": 0.404,
      "invalid_expected": 133,
      "invalid_correct": 118,
      "invalid_accuracy": 0.8872180451127819,
      "valid_expected": 867,
      "valid_predicted": 876,
      "valid_correct": 286,
      "valid_precision": 0.3264840182648402,
      "valid_recall": 0.32987312572087657,
      "valid_f1": 0.32816982214572576,
      "origin_accuracy": 0.48327566320645904,
      "destination_accuracy": 0.46366782006920415
    },
    "test": {
      "total": 1000,
      "correct": 418,
      "accuracy": 0.418,
      "invalid_expected": 145,
      "invalid_correct": 127,
      "invalid_accuracy": 0.8758620689655172,
      "valid_expected": 855,
      "valid_predicted": 865,
      "valid_correct": 291,
      "valid_precision": 0.33641618497109826,
      "valid_recall": 0.34035087719298246,
      "valid_f1": 0.3383720930232558,
      "origin_accuracy": 0.4853801169590643,
      "destination_accuracy": 0.4654970760233918
    }
  },
  "ml_error_analysis": {
    "dev": {
      "exact_accuracy": 0.404,
      "origin_top_confusions": [
        [
          "INVALID",
          "Tours",
          3
        ],
        [
          "Saint-Denis",
          "Clermont-Ferrand",
          3
        ],
        [
          "Versailles",
          "Port-Boulet",
          3
        ],
        [
          "Nantes",
          "Toulon",
          2
        ],
        [
          "Lyon",
          "Orleans",
          2
        ]
      ],
      "destination_top_confusions": [
        [
          "INVALID",
          "Tours",
          3
        ],
        [
          "Port-Boulet",
          "Versailles",
          3
        ],
        [
          "Orleans",
          "Perpignan",
          2
        ],
        [
          "Strasbourg",
          "Valence",
          2
        ],
        [
          "Avignon",
          "Toulon",
          2
        ]
      ]
    },
    "test": {
      "exact_accuracy": 0.418,
      "origin_top_confusions": [
        [
          "Nice",
          "Grenoble",
          3
        ],
        [
          "Angers",
          "Rouen",
          3
        ],
        [
          "Toulouse",
          "Nancy",
          3
        ],
        [
          "Grenoble",
          "La Rochelle",
          2
        ],
        [
          "Bayonne",
          "Besancon",
          2
        ]
      ],
      "destination_top_confusions": [
        [
          "Grenoble",
          "Nice",
          3
        ],
        [
          "Grenoble",
          "Clermont-Ferrand",
          3
        ],
        [
          "Toulouse",
          "Colmar",
          3
        ],
        [
          "Strasbourg",
          "Saint-Nazaire",
          3
        ],
        [
          "Perpignan",
          "Saint-Raphael",
          2
        ]
      ]
    }
  },
  "manual_prefill_rule_based": {
    "total": 120,
    "correct": 120,
    "accuracy": 1.0,
    "invalid_expected": 5,
    "invalid_correct": 5,
    "invalid_accuracy": 1.0,
    "valid_expected": 115,
    "valid_predicted": 115,
    "valid_correct": 115,
    "valid_precision": 1.0,
    "valid_recall": 1.0,
    "valid_f1": 1.0,
    "origin_accuracy": 1.0,
    "destination_accuracy": 1.0
  },
  "manual_prefill_ml": {
    "total": 120,
    "correct": 67,
    "accuracy": 0.5583333333333333,
    "invalid_expected": 5,
    "invalid_correct": 5,
    "invalid_accuracy": 1.0,
    "valid_expected": 115,
    "valid_predicted": 115,
    "valid_correct": 62,
    "valid_precision": 0.5391304347826087,
    "valid_recall": 0.5391304347826087,
    "valid_f1": 0.5391304347826087,
    "origin_accuracy": 0.6260869565217392,
    "destination_accuracy": 0.6086956521739131
  },
  "pathfinding_validation": {
    "total": "30",
    "correct": "30",
    "accuracy": "1.000"
  },
  "end_to_end_manual_120": {
    "total": 120,
    "nlp_valid": 115,
    "nlp_invalid": 5,
    "nlp_valid_rate": 0.9583333333333334,
    "path_valid_on_nlp_valid": 115,
    "path_invalid_on_nlp_valid": 0,
    "path_success_rate_on_nlp_valid": 1.0,
    "end_to_end_success": 115,
    "end_to_end_success_rate": 0.9583333333333334
  }
}